request_time,write,response_time
1773723056453,false,1773723056456
1773723056504,true,1773723056505
1773723056554,true,1773723056556
1773723056604,true,1773723056606
1773723056654,true,1773723056656
1773723056703,false,1773723056706
1773723056755,true,1773723056759
1773723056804,true,1773723056807
1773723056854,true,1773723056857
1773723056905,true,1773723056907
1773723056955,true,1773723056957
1773723057004,true,1773723057006
1773723057054,true,1773723057057
1773723057104,true,1773723057108
1773723057153,false,1773723057159
1773723057204,true,1773723057208
1773723057254,true,1773723057259
1773723057304,true,1773723057307
1773723057353,false,1773723057356
1773723057403,false,1773723057405
1773723057454,true,1773723057456
1773723057503,true,1773723057506
1773723057554,true,1773723057557
1773723057603,false,1773723057606
1773723057654,true,1773723057659
1773723057704,true,1773723057711
1773723057753,true,1773723057758
1773723057804,true,1773723057807
1773723057853,true,1773723057856
1773723057905,true,1773723057909
1773723057954,true,1773723057959
1773723058004,true,1773723058010
1773723058055,true,1773723058060
1773723058103,false,1773723058108
1773723058154,true,1773723058161
1773723058204,false,1773723058210
1773723058254,true,1773723058258
1773723058303,true,1773723058306
1773723058354,true,1773723058357
1773723058404,false,1773723058407
1773723058453,false,1773723058456
1773723058503,true,1773723058506
1773723058554,false,1773723058558
1773723058604,true,1773723058608
1773723058654,true,1773723058659
1773723058704,true,1773723058710
1773723058753,true,1773723058760
1773723058804,false,1773723058808
1773723058854,true,1773723058858
1773723058905,false,1773723058910
1773723058955,true,1773723058961
1773723059003,true,1773723059009
1773723059054,false,1773723059060
1773723059104,false,1773723059110
1773723059154,true,1773723059160
1773723059203,true,1773723059208
1773723059254,true,1773723059258
1773723059304,true,1773723059308
1773723059355,true,1773723059358
1773723059404,true,1773723059409
1773723059453,true,1773723059456
1773723059509,false,1773723059536
1773723059554,false,1773723059559
1773723059604,true,1773723059608
1773723059654,true,1773723059658
1773723059704,true,1773723059708
1773723059753,true,1773723059758
1773723059804,false,1773723059808
1773723059854,true,1773723059860
1773723059903,true,1773723059908
1773723059953,true,1773723059960
1773723060004,true,1773723060009
1773723060054,true,1773723060060
1773723060104,true,1773723060111
1773723060154,true,1773723060162
1773723060204,true,1773723060210
1773723060253,true,1773723060258
1773723060304,true,1773723060311
1773723060353,false,1773723060361
1773723060404,false,1773723060409
1773723060454,true,1773723060458
1773723060504,true,1773723060508
1773723060553,true,1773723060555
1773723060603,false,1773723060607
1773723060653,true,1773723060658
1773723060703,true,1773723060708
1773723060754,true,1773723060760
1773723060804,true,1773723060810
1773723060854,true,1773723060862
1773723060903,false,1773723060907
1773723060954,true,1773723060961
1773723061004,false,1773723061012
1773723061054,true,1773723061062
1773723061104,true,1773723061113
1773723061154,true,1773723061162
1773723061204,true,1773723061211
1773723061254,true,1773723061262
1773723061304,true,1773723061313
1773723061354,true,1773723061364
1773723061404,true,1773723061410
1773723061454,true,1773723061460
